lambda_rag,strategy,queries,mean_recall_at_k,recall_std,p50_latency_ms,p95_latency_ms,throughput_qps,mean_effective_horizon,p50_effective_horizon,p95_effective_horizon,mean_horizon_fraction,mean_candidate_hits,mean_database_calls
1.0,exhaustive_weighted,200,1.0,0.0,9.333541499999999,11.6144205,104.47090193208724,50000.0,50000.0,50000.0,1.0,50000.0,0.0
1.0,certified_scan,200,1.0,0.0,9.1070625,11.2939479,102.56768143772207,50000.0,50000.0,50000.0,1.0,50000.0,0.0
1.0,ordinary_hnsw,200,1.0,0.0,7.6331245,10.541425349999992,271.6215264247433,50000.0,50000.0,50000.0,1.0,100.0,1.0
1.0,fixed_recency,200,0.007000000000000001,0.03675595189897821,3.1552914999999997,4.1358021,654.4974686892884,500.0,500.0,500.0,0.01,5.33,1.0
1.0,adaptive_temporal,200,1.0,0.0,7.5460005,8.5547854,290.53824073318094,50000.0,50000.0,50000.0,1.0,100.0,1.0
0.9995,exhaustive_weighted,200,1.0,0.0,9.726812500000001,10.752575299999998,105.50697390311471,50000.0,50000.0,50000.0,1.0,50000.0,0.0
0.9995,certified_scan,200,1.0,0.0,1.0298335,2.1218270999999995,1018.5816851132246,1041.44,928.0,2019.199999999999,0.0208288,1041.44,0.0
0.9995,ordinary_hnsw,200,0.282,0.22107917133913815,7.332604,8.355037199999998,286.6384901043261,50000.0,50000.0,50000.0,1.0,100.0,1.0
0.9995,fixed_recency,200,0.7559999999999999,0.2786826151736057,2.9372295,3.6968128499999997,646.2175619545596,500.0,500.0,500.0,0.01,5.33,1.0
0.9995,adaptive_temporal,200,1.0,0.0,8.063166500000001,12.920037199999992,182.47416948319463,1502.5,1000.0,4000.0,0.03005,25.66,3.435
0.99861,exhaustive_weighted,200,1.0,0.0,10.2618955,11.6256827,106.69701363172015,50000.0,50000.0,50000.0,1.0,50000.0,0.0
0.99861,certified_scan,200,1.0,0.0,0.690125,1.716799999999998,1241.4954374160507,761.12,624.0,1676.7999999999956,0.0152224,761.12,0.0
0.99861,ordinary_hnsw,200,0.222,0.19472031224297068,7.6697915000000005,8.67152915,291.92616161505543,50000.0,50000.0,50000.0,1.0,100.0,1.0
0.99861,fixed_recency,200,0.78,0.282842712474619,2.9637295,3.4459996999999998,679.9105675239347,500.0,500.0,500.0,0.01,5.33,1.0
0.99861,adaptive_temporal,200,1.0,0.0,7.3147085,11.01246874999999,232.27798796617773,1120.0,1000.0,2000.0,0.0224,16.83,2.91
0.995,exhaustive_weighted,200,1.0,0.0,10.1826045,11.607778849999997,104.22488375899482,50000.0,50000.0,50000.0,1.0,50000.0,0.0
0.995,certified_scan,200,1.0,0.0,0.5365409999999999,1.65571845,1508.5416463958497,637.12,512.0,1523.1999999999935,0.012742400000000001,637.12,0.0
0.995,ordinary_hnsw,200,0.20900000000000002,0.18686626233753378,7.506375,8.583172299999998,287.2754740405856,50000.0,50000.0,50000.0,1.0,100.0,1.0
0.995,fixed_recency,200,0.782,0.2836829215867603,3.107271,3.75261875,631.1208047302651,500.0,500.0,500.0,0.01,5.33,1.0
0.995,adaptive_temporal,200,1.0,0.0,5.163771,9.8643979,276.0735668084761,875.0,500.0,2000.0,0.0175,11.64,2.5
0.99,exhaustive_weighted,200,1.0,0.0,10.2551875,11.684266649999998,102.39542143885897,50000.0,50000.0,50000.0,1.0,50000.0,0.0
0.99,certified_scan,200,1.0,0.0,0.4745835,1.6032020999999996,1551.1987776200517,617.44,480.0,1491.1999999999935,0.012348800000000002,617.44,0.0
0.99,ordinary_hnsw,200,0.207,0.18262256158536383,7.498125,8.62184025,286.0525940017682,50000.0,50000.0,50000.0,1.0,100.0,1.0
0.99,fixed_recency,200,0.782,0.2836829215867603,3.0461875000000003,3.54794585,674.184479592443,500.0,500.0,500.0,0.01,5.33,1.0
0.99,adaptive_temporal,200,1.0,0.0,5.5235415,10.855775,282.4718454628699,855.0,500.0,2000.0,0.0171,11.14,2.455
