drift_rate,decay,metric,n,mean,sample_sd,ci95_low,ci95_high,minimum,maximum
10,D,human_only_error_pct,10,11.47,0.5181162460726784,11.099361965285688,11.840638034714313,10.85,12.25
10,D,llm_gold_error_pct,10,19.33573895313591,1.1299852134262978,18.527396227087117,20.1440816791847,18.191603875134554,21.42471667566109
10,D,static_rag_defer_error_pct,10,18.439999999999998,1.0208384353614006,17.7097361754024,19.170263824597594,17.4,20.3
10,D,final_error_pct,10,7.585000000000001,0.972125392003407,6.889583387378512,8.28041661262149,6.3,9.2
10,D,stable_error_pct,10,6.075675675675676,0.6206154541423365,5.631714124614064,6.519637226737288,5.243243243243243,6.972972972972973
10,D,drift_error_pct,10,26.2,5.871462686083772,21.99980861946713,30.400191380532867,18.666666666666668,36.666666666666664
10,D,abstain_so_pct,10,15.734855899945623,0.6460663972280174,15.272687840984663,16.197023958906584,14.681892332789559,16.5
10,D,abstain_sc_pct,10,2.62793763562572,0.7196229061698796,2.1131504200154367,3.142724851236003,1.6548463356973995,3.851640513552068
10,D,abstain_ds_pct,10,3.357148989601908,0.6288126739011973,2.907323500776184,3.806974478427632,2.3980815347721824,3.9795918367346936
10,D,sc_acceptance_pct,10,52.38576652662116,2.288574162698169,50.7486191945504,54.02291385869192,49.30555555555556,56.12244897959183
10,D,model_finalized_pct,10,43.339999999999996,4.36238976301344,40.21933435657153,46.46066564342846,34.949999999999996,49.0
10,D,final_fea,10,0.8001383313700918,0.00012123685943865816,0.8000516037454364,0.8002250589947473,0.8000032098831539,0.8003308534738961
10,D,human_only_error_count,10,229.4,10.362324921453572,221.98723930571376,236.81276069428625,217.0,245.0
10,D,final_error_count,10,151.7,19.442507840068142,137.79166774757022,165.60833225242976,126.0,184.0
10,D,stable_error_count,10,112.4,11.481385901633226,104.18671130536018,120.61328869463983,97.0,129.0
10,D,drift_error_count,10,39.3,8.80719402912566,32.9997129292007,45.6002870707993,28.0,55.0
10,D,model_finalized_count,10,866.8,87.24779526026877,804.3866871314306,929.2133128685693,699.0,980.0
10,D,abstain_so_count,10,94.6,3.5652645218989165,92.04956340271191,97.15043659728808,89.0,99.0
10,D,abstain_sc_count,10,14.3,5.793674711844519,10.155454784039247,18.444545215960755,7.0,27.0
10,D,abstain_ds_count,10,29.1,6.172519744804386,24.684445373425575,33.51555462657443,20.0,39.0
10,D,sc_accepted_count,10,90.4,18.638073338673657,77.06712552352928,103.73287447647073,70.0,123.0
10,D,sc_acceptance_opportunities,10,172.7,36.120323611199524,146.86107705948666,198.53892294051332,131.0,246.0
10,D,state_so_tickets,10,601.3,4.110960958218893,598.3591956884367,604.2408043115632,600.0,613.0
10,D,state_sc_tickets,10,531.9,86.14903107728813,470.27269567773914,593.5273043222608,420.0,701.0
10,D,state_ds_tickets,10,866.8,87.24779526026877,804.3866871314306,929.2133128685693,699.0,980.0
10,D,assigned_ceo_count,10,1233.5,15.057297972153643,1222.7286579106342,1244.2713420893658,1214.0,1256.0
10,D,assigned_domain_expert_count,10,383.3,12.311241475442948,374.49306838969216,392.10693161030787,366.0,402.0
10,D,assigned_intern_count,10,383.2,6.303438215238834,378.69079194148355,387.7092080585164,372.0,391.0
10,R_D_F_ND,human_only_error_pct,10,11.47,0.5181162460726784,11.099361965285688,11.840638034714313,10.85,12.25
10,R_D_F_ND,llm_gold_error_pct,10,19.01344669568493,0.8327415495327548,18.41773927735303,19.60915411401683,18.036286019210245,20.802139037433154
10,R_D_F_ND,static_rag_defer_error_pct,10,18.1,0.8449194570424392,17.495581031430994,18.70441896856901,17.25,20.05
10,R_D_F_ND,final_error_pct,10,6.989999999999999,1.20041659435381,6.131273699208934,7.848726300791065,5.35,8.799999999999999
10,R_D_F_ND,stable_error_pct,10,5.513513513513514,0.972639248739876,4.817729309926922,6.209297717100106,4.0,7.027027027027027
10,R_D_F_ND,drift_error_pct,10,25.2,5.646368875789244,21.160831031148504,29.239168968851494,18.0,38.0
10,R_D_F_ND,abstain_so_pct,10,15.683333333333334,0.5903022870728662,15.261056515676161,16.105610150990508,15.0,16.5
10,R_D_F_ND,abstain_sc_pct,10,2.278321517407468,0.5754188079457895,1.8666916993284508,2.6899513354864855,1.0,2.945736434108527
10,R_D_F_ND,abstain_ds_pct,10,2.01333605529768,0.5160391815561916,1.6441838630293453,2.3824882475660147,1.0447761194029852,2.807017543859649
10,R_D_F_ND,sc_acceptance_pct,10,56.09042405238627,3.605968976362789,53.51086924249442,58.669978862278114,47.05882352941176,59.473684210526315
10,R_D_F_ND,model_finalized_pct,10,36.45,7.3026631367528445,31.225989493278583,41.67401050672142,22.900000000000002,45.0
10,R_D_F_ND,final_fea,10,0.800800620687783,0.0019856546116339183,0.7993801689485142,0.8022210724270519,0.8001412429378532,0.8064516129032258
10,R_D_F_ND,human_only_error_count,10,229.4,10.362324921453572,221.98723930571376,236.81276069428625,217.0,245.0
10,R_D_F_ND,final_error_count,10,139.8,24.008331887076203,122.6254739841787,156.9745260158213,107.0,176.0
10,R_D_F_ND,stable_error_count,10,102.0,17.993826101687706,89.12799223364804,114.87200776635196,74.0,130.0
10,R_D_F_ND,drift_error_count,10,37.8,8.469553313683864,31.741246546722753,43.858753453277245,27.0,57.0
10,R_D_F_ND,model_finalized_count,10,729.0,146.05326273505688,624.5197898655716,833.4802101344284,458.0,900.0
10,R_D_F_ND,abstain_so_count,10,94.1,3.5418137224371984,91.56633909405696,96.63366090594303,90.0,99.0
10,R_D_F_ND,abstain_sc_count,10,15.6,5.853773711604051,11.412462549520422,19.787537450479576,5.0,27.0
10,R_D_F_ND,abstain_ds_count,10,14.6,4.623610902506587,11.292468010454307,17.907531989545692,7.0,22.0
10,R_D_F_ND,sc_accepted_count,10,126.8,40.633319660921956,97.73267416878105,155.86732583121895,72.0,199.0
10,R_D_F_ND,sc_acceptance_opportunities,10,223.9,63.70845051220965,178.32571995855315,269.4742800414469,153.0,340.0
10,R_D_F_ND,state_so_tickets,10,600.0,0.0,600.0,600.0,600.0,600.0
10,R_D_F_ND,state_sc_tickets,10,671.0,146.05326273505688,566.5197898655716,775.4802101344284,500.0,942.0
10,R_D_F_ND,state_ds_tickets,10,729.0,146.05326273505688,624.5197898655716,833.4802101344284,458.0,900.0
10,R_D_F_ND,assigned_ceo_count,10,1233.5,15.057297972153643,1222.7286579106342,1244.2713420893658,1214.0,1256.0
10,R_D_F_ND,assigned_domain_expert_count,10,383.3,12.311241475442948,374.49306838969216,392.10693161030787,366.0,402.0
10,R_D_F_ND,assigned_intern_count,10,383.2,6.303438215238834,378.69079194148355,387.7092080585164,372.0,391.0
10,R_ND_F_D,human_only_error_pct,10,11.47,0.5181162460726784,11.099361965285688,11.840638034714313,10.85,12.25
10,R_ND_F_D,llm_gold_error_pct,10,14.513850816359142,0.45454371440355895,14.188689831203222,14.839011801515062,13.769633507853404,15.107161526398327
10,R_ND_F_D,static_rag_defer_error_pct,10,13.87,0.44547103659434906,13.55132921757038,14.188670782429618,13.15,14.45
10,R_ND_F_D,final_error_pct,10,5.75,0.4156654637779976,5.45265083992043,6.04734916007957,5.1499999999999995,6.4
10,R_ND_F_D,stable_error_pct,10,3.454054054054054,0.3714072545793359,3.188365309569841,3.7197427985382667,2.9729729729729732,4.054054054054054
10,R_ND_F_D,drift_error_pct,10,34.06666666666667,2.922032101969154,31.976370823107924,36.15696251022541,30.0,38.0
10,R_ND_F_D,abstain_so_pct,10,14.966666666666665,0.3583225665910472,14.71033814409711,15.22299518923622,14.499999999999998,15.666666666666668
10,R_ND_F_D,abstain_sc_pct,10,0.03205128205128205,0.10135505321052497,-0.040453755216057416,0.10455631931862151,0.0,0.3205128205128205
10,R_ND_F_D,abstain_ds_pct,10,0.08101664946358497,0.14576977455580808,-0.023260765444061873,0.1852940643712318,0.0,0.4595588235294118
10,R_ND_F_D,sc_acceptance_pct,10,33.94712314378644,10.475975233443279,26.453061913954684,41.4411843736182,16.27906976744186,50.0
10,R_ND_F_D,model_finalized_pct,10,55.92999999999999,1.6095548038717629,54.77859385554119,57.081406144458796,53.849999999999994,57.95
10,R_ND_F_D,final_fea,10,0.8101672937613266,0.004411588109689994,0.8070114337408416,0.8133231537818115,0.800129817811236,0.8148215796646802
10,R_ND_F_D,human_only_error_count,10,229.4,10.362324921453572,221.98723930571376,236.81276069428625,217.0,245.0
10,R_ND_F_D,final_error_count,10,115.0,8.31330927555995,109.05301679840862,120.94698320159138,103.0,128.0
10,R_ND_F_D,stable_error_count,10,63.9,6.871034209717712,58.98475822704206,68.81524177295793,55.0,75.0
10,R_ND_F_D,drift_error_count,10,51.1,4.383048152953731,47.964556234661885,54.23544376533812,45.0,57.0
10,R_ND_F_D,model_finalized_count,10,1118.6,32.19109607743524,1095.5718771108238,1141.628122889176,1077.0,1159.0
10,R_ND_F_D,abstain_so_count,10,89.8,2.1499353995462798,88.26202886458266,91.33797113541733,87.0,94.0
10,R_ND_F_D,abstain_sc_count,10,0.1,0.31622776601683794,-0.12621571627409914,0.3262157162740992,0.0,1.0
10,R_ND_F_D,abstain_ds_count,10,0.9,1.5951314818673865,-0.24108832145619508,2.0410883214561952,0.0,5.0
10,R_ND_F_D,sc_accepted_count,10,21.3,10.242070103255493,13.97326442038581,28.62673557961419,7.0,38.0
10,R_ND_F_D,sc_acceptance_opportunities,10,59.6,12.928865207571604,50.351246987633715,68.84875301236629,43.0,76.0
10,R_ND_F_D,state_so_tickets,10,600.0,0.0,600.0,600.0,600.0,600.0
10,R_ND_F_D,state_sc_tickets,10,281.4,32.19109607743524,258.3718771108239,304.42812288917605,241.0,323.0
10,R_ND_F_D,state_ds_tickets,10,1118.6,32.19109607743524,1095.5718771108238,1141.628122889176,1077.0,1159.0
10,R_ND_F_D,assigned_ceo_count,10,1233.5,15.057297972153643,1222.7286579106342,1244.2713420893658,1214.0,1256.0
10,R_ND_F_D,assigned_domain_expert_count,10,383.3,12.311241475442948,374.49306838969216,392.10693161030787,366.0,402.0
10,R_ND_F_D,assigned_intern_count,10,383.2,6.303438215238834,378.69079194148355,387.7092080585164,372.0,391.0
10,ND,human_only_error_pct,10,11.47,0.5181162460726784,11.099361965285688,11.840638034714313,10.85,12.25
10,ND,llm_gold_error_pct,10,14.719000921351892,0.44627698660824516,14.39975359701398,15.038248245689804,14.113326337880377,15.30398322851153
10,ND,static_rag_defer_error_pct,10,14.055000000000001,0.4316956232244086,13.746183554656922,14.363816445343081,13.450000000000001,14.6
10,ND,final_error_pct,10,5.515,0.41099472827113803,5.22099208282114,5.809007917178859,4.8,6.15
10,ND,stable_error_pct,10,3.2,0.38289878080402145,2.9260907128710234,3.473909287128977,2.6486486486486487,3.6216216216216215
10,ND,drift_error_pct,10,34.06666666666667,1.9987650508238994,32.63683628418315,35.49649704915019,31.333333333333336,37.333333333333336
10,ND,abstain_so_pct,10,15.166666666666666,0.32394177193585,14.934932682985842,15.39840065034749,14.666666666666666,15.666666666666668
10,ND,abstain_sc_pct,10,0.024875621890547265,0.07866362338727312,-0.03139694434679083,0.08114818812788537,0.0,0.24875621890547264
10,ND,abstain_ds_pct,10,0.11665511362793848,0.11782758863368659,0.032366334387091994,0.20094389286878497,0.0,0.28382213812677387
10,ND,sc_acceptance_pct,10,53.729710704450596,7.686901671076758,48.23083250866747,59.228588900233724,42.168674698795186,68.36734693877551
10,ND,model_finalized_pct,10,50.695,1.8756406312984844,49.35324752131539,52.03675247868461,47.4,53.0
10,ND,final_fea,10,0.8080734858834742,0.004930839871738943,0.8045461755290794,0.811600796237869,0.8002183406113537,0.8155021834061136
10,ND,human_only_error_count,10,229.4,10.362324921453572,221.98723930571376,236.81276069428625,217.0,245.0
10,ND,final_error_count,10,110.3,8.219894565422763,104.4198416564228,116.18015834357719,96.0,123.0
10,ND,stable_error_count,10,59.2,7.083627444874397,54.13267818811393,64.26732181188608,49.0,67.0
10,ND,drift_error_count,10,51.1,2.998147576235848,48.95525442627472,53.24474557372528,47.0,56.0
10,ND,model_finalized_count,10,1013.9,37.512812625969694,987.0649504263077,1040.7350495736923,948.0,1060.0
10,ND,abstain_so_count,10,91.0,1.9436506316151,89.60959609791506,92.39040390208494,88.0,94.0
10,ND,abstain_sc_count,10,0.1,0.31622776601683794,-0.12621571627409914,0.3262157162740992,0.0,1.0
10,ND,abstain_ds_count,10,1.2,1.2292725943057183,0.3206313603651698,2.07936863963483,0.0,3.0
10,ND,sc_accepted_count,10,48.6,11.384199576606166,40.45623421413243,56.74376578586757,35.0,68.0
10,ND,sc_acceptance_opportunities,10,89.8,11.554700823089757,81.53426496998686,98.06573503001313,77.0,109.0
10,ND,state_so_tickets,10,600.0,0.0,600.0,600.0,600.0,600.0
10,ND,state_sc_tickets,10,386.1,37.512812625969694,359.26495042630773,412.9350495736923,340.0,452.0
10,ND,state_ds_tickets,10,1013.9,37.512812625969694,987.0649504263077,1040.7350495736923,948.0,1060.0
10,ND,assigned_ceo_count,10,1233.5,15.057297972153643,1222.7286579106342,1244.2713420893658,1214.0,1256.0
10,ND,assigned_domain_expert_count,10,383.3,12.311241475442948,374.49306838969216,392.10693161030787,366.0,402.0
10,ND,assigned_intern_count,10,383.2,6.303438215238834,378.69079194148355,387.7092080585164,372.0,391.0
40,D,human_only_error_pct,10,17.215,0.6819294521999897,16.727177056996283,17.702822943003717,16.2,18.05
40,D,llm_gold_error_pct,10,22.436620515011604,0.5727534938534083,22.026897347775105,22.846343682248104,21.467098166127293,23.16353887399464
40,D,static_rag_defer_error_pct,10,21.494999999999997,0.5219887184817524,21.121591765404744,21.86840823459525,20.5,22.1
40,D,final_error_pct,10,10.515,0.6798896969362016,10.028636210010687,11.001363789989314,9.4,11.5
40,D,stable_error_pct,10,5.021428571428571,0.9041664707357387,4.374626842456997,5.668230300400146,3.642857142857143,6.2857142857142865
40,D,drift_error_pct,10,23.333333333333336,1.4185717038670784,22.318548268383115,24.348118398283557,20.0,24.833333333333332
40,D,abstain_so_pct,10,15.709408921638538,0.7075776047167575,15.203238395607025,16.21557944767005,14.285714285714285,16.5
40,D,abstain_sc_pct,10,2.8260754095904153,0.5446287614275682,2.4364714639228087,3.215679355258022,1.914580265095729,3.532608695652174
40,D,abstain_ds_pct,10,3.0125688562697883,0.8550095885419307,2.400931842450651,3.6242058700889257,1.6333938294010888,4.216867469879518
40,D,sc_acceptance_pct,10,50.38918694288197,2.8390529437699867,48.358250813191134,52.42012307257281,45.3416149068323,53.645833333333336
40,D,model_finalized_pct,10,35.795,4.666633928456593,32.456691191725994,39.13330880827401,27.55,42.4
40,D,final_fea,10,0.8001185844599299,7.879208505490408e-05,0.8000622199977515,0.8001749489221083,0.8000291756884033,0.8002814575879645
40,D,human_only_error_count,10,344.3,13.63858904399979,334.54354113992565,354.0564588600744,324.0,361.0
40,D,final_error_count,10,210.3,13.597793938724031,200.57272420021374,220.02727579978628,188.0,230.0
40,D,stable_error_count,10,70.3,12.65833059030034,61.24477579439795,79.35522420560204,51.0,88.0
40,D,drift_error_count,10,140.0,8.51143022320247,133.91128961029867,146.08871038970133,120.0,149.0
40,D,model_finalized_count,10,715.9,93.33267856913187,649.1338238345198,782.6661761654801,551.0,848.0
40,D,abstain_so_count,10,95.0,3.0550504633038935,92.81454855304196,97.18545144695804,90.0,99.0
40,D,abstain_sc_count,10,19.4,5.660781257427675,15.350521034412226,23.449478965587772,12.0,29.0
40,D,abstain_ds_count,10,21.7,6.600505031182589,16.978283143168838,26.42171685683116,9.0,28.0
40,D,sc_accepted_count,10,113.2,24.13756868912489,95.93302354532995,130.46697645467006,73.0,157.0
40,D,sc_acceptance_opportunities,10,224.0,43.394828160866254,192.95720999249917,255.04279000750083,161.0,306.0
40,D,state_so_tickets,10,605.2,16.09554803871762,593.685938555412,616.7140614445881,600.0,651.0
40,D,state_sc_tickets,10,678.9,95.6991234140743,610.4409711721344,747.3590288278656,552.0,849.0
40,D,state_ds_tickets,10,715.9,93.33267856913187,649.1338238345198,782.6661761654801,551.0,848.0
40,D,assigned_ceo_count,10,1233.5,15.057297972153643,1222.7286579106342,1244.2713420893658,1214.0,1256.0
40,D,assigned_domain_expert_count,10,383.3,12.311241475442948,374.49306838969216,392.10693161030787,366.0,402.0
40,D,assigned_intern_count,10,383.2,6.303438215238834,378.69079194148355,387.7092080585164,372.0,391.0
40,R_D_F_ND,human_only_error_pct,10,17.215,0.6819294521999897,16.727177056996283,17.702822943003717,16.2,18.05
40,R_D_F_ND,llm_gold_error_pct,10,21.433142005740102,0.9117773277929457,20.780895797612438,22.085388213867766,19.571045576407506,22.453333333333333
40,R_D_F_ND,static_rag_defer_error_pct,10,20.56,0.7964504588066561,19.990253664043564,21.129746335956433,19.05,21.55
40,R_D_F_ND,final_error_pct,10,9.615,1.4300446768467685,8.59200766459695,10.63799233540305,7.8,11.600000000000001
40,R_D_F_ND,stable_error_pct,10,3.9357142857142855,1.3604596062125676,2.962500111140608,4.908928460287963,2.357142857142857,5.642857142857142
40,R_D_F_ND,drift_error_pct,10,22.866666666666667,1.870498712135019,21.528592495365487,24.204740837967847,20.333333333333332,25.5
40,R_D_F_ND,abstain_so_pct,10,15.7,0.617641871541657,15.258165621787203,16.141834378212796,15.0,16.666666666666664
40,R_D_F_ND,abstain_sc_pct,10,2.267291987315592,0.3953862875472281,1.984449675999733,2.550134298631451,1.5025041736227045,2.8058361391694726
40,R_D_F_ND,abstain_ds_pct,10,2.3180978177809677,0.9854222188794073,1.6131692282264765,3.023026407335459,0.6980802792321117,3.7037037037037033
40,R_D_F_ND,sc_acceptance_pct,10,53.2609832937582,2.9719702934380883,51.13496382006137,55.38700276745503,47.12041884816754,57.865168539325836
40,R_D_F_ND,model_finalized_pct,10,27.415,10.74158714736535,19.730931453240807,35.09906854675919,12.15,41.199999999999996
40,R_D_F_ND,final_fea,10,0.8001528262281857,2.4110357817354855e-05,0.8001355787172161,0.8001700737391554,0.8001218769043267,0.800186741363212
40,R_D_F_ND,human_only_error_count,10,344.3,13.63858904399979,334.54354113992565,354.0564588600744,324.0,361.0
40,R_D_F_ND,final_error_count,10,192.3,28.600893536935363,171.840153291939,212.75984670806102,156.0,232.0
40,R_D_F_ND,stable_error_count,10,55.1,19.046434486975947,41.47500155596852,68.72499844403148,33.0,79.0
40,R_D_F_ND,drift_error_count,10,137.2,11.222992272810115,129.17155497219292,145.22844502780706,122.0,153.0
40,R_D_F_ND,model_finalized_count,10,548.3,214.83174294730696,394.6186290648161,701.9813709351838,243.0,824.0
40,R_D_F_ND,abstain_so_count,10,94.2,3.7058512292499457,91.54899373072323,96.85100626927678,90.0,100.0
40,R_D_F_ND,abstain_sc_count,10,19.5,6.258327785172862,15.023061999161726,23.976938000838274,9.0,27.0
40,R_D_F_ND,abstain_ds_count,10,12.1,5.989806155275626,7.8151508015063555,16.384849198493644,4.0,19.0
40,R_D_F_ND,sc_accepted_count,10,153.0,50.9160529150134,116.57684992339857,189.42315007660142,86.0,228.0
40,R_D_F_ND,sc_acceptance_opportunities,10,285.6,88.79464448314937,222.08013785737566,349.1198621426244,171.0,413.0
40,R_D_F_ND,state_so_tickets,10,600.0,0.0,600.0,600.0,600.0,600.0
40,R_D_F_ND,state_sc_tickets,10,851.7,214.83174294730696,698.0186290648162,1005.3813709351839,576.0,1157.0
40,R_D_F_ND,state_ds_tickets,10,548.3,214.83174294730696,394.6186290648161,701.9813709351838,243.0,824.0
40,R_D_F_ND,assigned_ceo_count,10,1233.5,15.057297972153643,1222.7286579106342,1244.2713420893658,1214.0,1256.0
40,R_D_F_ND,assigned_domain_expert_count,10,383.3,12.311241475442948,374.49306838969216,392.10693161030787,366.0,402.0
40,R_D_F_ND,assigned_intern_count,10,383.2,6.303438215238834,378.69079194148355,387.7092080585164,372.0,391.0
40,R_ND_F_D,human_only_error_pct,10,17.215,0.6819294521999897,16.727177056996283,17.702822943003717,16.2,18.05
40,R_ND_F_D,llm_gold_error_pct,10,24.389024048797616,0.9913556194253433,23.679850960186805,25.098197137408427,22.79874213836478,25.53636839351125
40,R_ND_F_D,static_rag_defer_error_pct,10,23.285,0.9681167284992027,22.592451012499883,23.977548987500118,21.75,24.4
40,R_ND_F_D,final_error_pct,10,10.355,0.8671312857155293,9.734691646395863,10.975308353604138,8.799999999999999,11.4
40,R_ND_F_D,stable_error_pct,10,3.1714285714285717,0.7716636913887487,2.619413620720776,3.7234435221363675,2.0,4.071428571428572
40,R_ND_F_D,drift_error_pct,10,27.116666666666667,1.807136060384148,25.823919405874943,28.40941392745839,24.666666666666668,30.166666666666668
40,R_ND_F_D,abstain_so_pct,10,14.966666666666665,0.3583225665910472,14.71033814409711,15.22299518923622,14.499999999999998,15.666666666666668
40,R_ND_F_D,abstain_sc_pct,10,0.07596271230629961,0.08701856476940321,0.013713381052425824,0.13821204356017341,0.0,0.2403846153846154
40,R_ND_F_D,abstain_ds_pct,10,0.033037732568249004,0.06983781501767156,-0.0169212307012806,0.0829966958377786,0.0,0.17605633802816903
40,R_ND_F_D,sc_acceptance_pct,10,40.23458838299184,2.774745377593331,38.24965511487047,42.219521651113205,36.666666666666664,46.728971962616825
40,R_ND_F_D,model_finalized_pct,10,32.089999999999996,3.5021263382249495,29.584729738432387,34.595270261567606,26.6,36.5
40,R_ND_F_D,final_fea,10,0.7822942389176237,0.009899917774277537,0.7752122643694317,0.7893762134658158,0.7702264718581109,0.8000529163213199
40,R_ND_F_D,human_only_error_count,10,344.3,13.63858904399979,334.54354113992565,354.0564588600744,324.0,361.0
40,R_ND_F_D,final_error_count,10,207.1,17.342625714310582,194.69383292791727,219.50616707208272,176.0,228.0
40,R_ND_F_D,stable_error_count,10,44.4,10.803291679442479,36.67179069009086,52.12820930990914,28.0,57.0
40,R_ND_F_D,drift_error_count,10,162.7,10.842816362304891,154.94351643524965,170.45648356475033,148.0,181.0
40,R_ND_F_D,model_finalized_count,10,641.8,70.04252676449897,591.6945947686478,691.9054052313521,532.0,730.0
40,R_ND_F_D,abstain_so_count,10,89.8,2.1499353995462798,88.26202886458266,91.33797113541733,87.0,94.0
40,R_ND_F_D,abstain_sc_count,10,0.6,0.699205898780101,0.09981823162487957,1.1001817683751205,0.0,2.0
40,R_ND_F_D,abstain_ds_count,10,0.2,0.4216370213557839,-0.10162095503213214,0.5016209550321322,0.0,1.0
40,R_ND_F_D,sc_accepted_count,10,103.7,11.832629087025044,95.23544706702135,112.16455293297865,88.0,123.0
40,R_ND_F_D,sc_acceptance_opportunities,10,257.9,25.46217237829919,239.6854591486288,276.11454085137115,214.0,297.0
40,R_ND_F_D,state_so_tickets,10,600.0,0.0,600.0,600.0,600.0,600.0
40,R_ND_F_D,state_sc_tickets,10,758.2,70.04252676449897,708.0945947686479,808.3054052313522,670.0,868.0
40,R_ND_F_D,state_ds_tickets,10,641.8,70.04252676449897,591.6945947686478,691.9054052313521,532.0,730.0
40,R_ND_F_D,assigned_ceo_count,10,1233.5,15.057297972153643,1222.7286579106342,1244.2713420893658,1214.0,1256.0
40,R_ND_F_D,assigned_domain_expert_count,10,383.3,12.311241475442948,374.49306838969216,392.10693161030787,366.0,402.0
40,R_ND_F_D,assigned_intern_count,10,383.2,6.303438215238834,378.69079194148355,387.7092080585164,372.0,391.0
40,ND,human_only_error_pct,10,17.215,0.6819294521999897,16.727177056996283,17.702822943003717,16.2,18.05
40,ND,llm_gold_error_pct,10,23.576422276302598,1.0471697075573134,22.82732219429714,24.325522358308056,21.69811320754717,25.54973821989529
40,ND,static_rag_defer_error_pct,10,22.509999999999998,1.0016098153583668,21.79349150151351,23.226508498486485,20.7,24.4
40,ND,final_error_pct,10,9.504999999999999,0.8244358340370976,8.915234132606793,10.094765867393205,8.35,10.8
40,ND,stable_error_pct,10,2.65,0.5516929212569972,2.2553426588136585,3.0446573411863413,1.7857142857142856,3.8571428571428568
40,ND,drift_error_pct,10,25.5,1.880701208867863,24.154627402203023,26.845372597796977,22.5,28.000000000000004
40,ND,abstain_so_pct,10,15.116666666666665,0.3604695155001855,14.85880230936823,15.374531023965101,14.666666666666666,15.666666666666668
40,ND,abstain_sc_pct,10,0.02127659574468085,0.06728250340783785,-0.026854407717893432,0.06940759920725513,0.0,0.2127659574468085
40,ND,abstain_ds_pct,10,0.0,0.0,0.0,0.0,0.0,0.0
40,ND,sc_acceptance_pct,10,45.54549392198492,2.669144039525552,43.63610330032817,47.45488454364167,40.57971014492754,49.17491749174918
40,ND,model_finalized_pct,10,26.115,2.990173722192221,23.975958577831886,28.25404142216811,22.05,30.349999999999998
40,ND,final_fea,10,0.7879547699975769,0.005265190703077761,0.7841882794669729,0.7917212605281808,0.7785234899328859,0.7940046118370484
40,ND,human_only_error_count,10,344.3,13.63858904399979,334.54354113992565,354.0564588600744,324.0,361.0
40,ND,final_error_count,10,190.1,16.48871668074195,178.30468265213588,201.8953173478641,167.0,216.0
40,ND,stable_error_count,10,37.1,7.723700897597961,31.57479722339122,42.62520277660879,25.0,54.0
40,ND,drift_error_count,10,153.0,11.284207253207171,144.92776441321814,161.07223558678186,135.0,168.0
40,ND,model_finalized_count,10,522.3,59.80347444384444,479.5191715566377,565.0808284433623,441.0,607.0
40,ND,abstain_so_count,10,90.7,2.1628170930011112,89.15281385620939,92.24718614379061,88.0,94.0
40,ND,abstain_sc_count,10,0.2,0.6324555320336759,-0.2524314325481983,0.6524314325481984,0.0,2.0
40,ND,abstain_ds_count,10,0.0,0.0,0.0,0.0,0.0,0.0
40,ND,sc_accepted_count,10,133.5,12.385026802106198,124.64028554670563,142.35971445329437,112.0,149.0
40,ND,sc_acceptance_opportunities,10,292.9,17.60334564160398,280.30732512740843,305.4926748725915,266.0,313.0
40,ND,state_so_tickets,10,600.0,0.0,600.0,600.0,600.0,600.0
40,ND,state_sc_tickets,10,877.7,59.80347444384444,834.9191715566377,920.4808284433624,793.0,959.0
40,ND,state_ds_tickets,10,522.3,59.80347444384444,479.5191715566377,565.0808284433623,441.0,607.0
40,ND,assigned_ceo_count,10,1233.5,15.057297972153643,1222.7286579106342,1244.2713420893658,1214.0,1256.0
40,ND,assigned_domain_expert_count,10,383.3,12.311241475442948,374.49306838969216,392.10693161030787,366.0,402.0
40,ND,assigned_intern_count,10,383.2,6.303438215238834,378.69079194148355,387.7092080585164,372.0,391.0
