drift_rate,factor,fixed_factor,decay_condition,reference_condition,metric,difference_direction,n,mean,sample_sd,ci95_low,ci95_high,minimum,maximum,cohens_dz,exact_sign_flip_p,holm_adjusted_p
10,RAG,FEA_D,D,R_ND_F_D,final_error_pct,D_minus_R_ND_F_D,10,1.8350000000000002,0.942234342165236,1.1609661563064195,2.509033843693581,0.5499999999999998,3.5999999999999988,1.9474985339456066,0.001953125,0.0078125
10,RAG,FEA_D,D,R_ND_F_D,stable_error_pct,D_minus_R_ND_F_D,10,2.6216216216216215,0.7071928615059592,2.1157263243029725,3.1275169189402705,1.675675675675675,3.8918918918918917,3.7070815675923368,0.001953125,0.0078125
10,RAG,FEA_D,D,R_ND_F_D,drift_error_pct,D_minus_R_ND_F_D,10,-7.866666666666665,4.519368468937302,-11.099628111465268,-4.633705221868063,-14.0,0.0,-1.7406561825476594,0.00390625,0.0078125
10,RAG,FEA_D,D,R_ND_F_D,model_finalized_pct,D_minus_R_ND_F_D,10,-12.590000000000002,5.657777341363345,-16.637330093486256,-8.54266990651375,-23.000000000000007,-4.999999999999993,-2.2252554740809596,0.001953125,0.0078125
10,RAG,FEA_ND,R_D_F_ND,ND,final_error_pct,R_D_F_ND_minus_ND,10,1.4749999999999996,1.2658440311156467,0.569469730482579,2.38053026951742,-0.25,3.5999999999999988,1.1652304420948403,0.005859375,0.0078125
10,RAG,FEA_ND,R_D_F_ND,ND,stable_error_pct,R_D_F_ND_minus_ND,10,2.313513513513514,1.1083058491990747,1.5206792703813257,3.106347756645702,0.3783783783783785,3.729729729729729,2.087432377249828,0.001953125,0.0078125
10,RAG,FEA_ND,R_D_F_ND,ND,drift_error_pct,R_D_F_ND_minus_ND,10,-8.866666666666665,4.608633872726224,-12.163484734528318,-5.569848598805013,-13.999999999999996,2.0,-1.9239251612369057,0.00390625,0.0078125
10,RAG,FEA_ND,R_D_F_ND,ND,model_finalized_pct,R_D_F_ND_minus_ND,10,-14.245,7.78597207233054,-19.814748891495512,-8.675251108504488,-30.099999999999998,-5.549999999999997,-1.8295724499993111,0.001953125,0.0078125
10,FEA,RAG_D,D,R_D_F_ND,final_error_pct,D_minus_R_D_F_ND,10,0.5950000000000004,0.9819057433831869,-0.10741305452365657,1.2974130545236573,-0.9499999999999993,2.8000000000000007,0.6059644767428586,0.072265625,0.2109375
10,FEA,RAG_D,D,R_D_F_ND,stable_error_pct,D_minus_R_D_F_ND,10,0.562162162162162,0.9497392839143344,-0.11724039344040782,1.2415647177647318,-0.48648648648648685,2.8108108108108105,0.5919120875417727,0.0703125,0.2109375
10,FEA,RAG_D,D,R_D_F_ND,drift_error_pct,D_minus_R_D_F_ND,10,1.0,3.4029761846919016,-1.4343425145114876,3.4343425145114876,-6.666666666666668,5.333333333333332,0.29386041680175257,0.40625,0.40625
10,FEA,RAG_D,D,R_D_F_ND,model_finalized_pct,D_minus_R_D_F_ND,10,6.889999999999999,4.512685822582081,3.6618190324216435,10.118180967578354,0.7000000000000028,12.3,1.5268069329182017,0.001953125,0.0078125
10,FEA,RAG_ND,R_ND_F_D,ND,final_error_pct,R_ND_F_D_minus_ND,10,0.23499999999999988,0.3636619309193639,-0.025148073715214325,0.4951480737152141,-0.15000000000000036,0.9500000000000002,0.6462045653387549,0.078125,0.181640625
10,FEA,RAG_ND,R_ND_F_D,ND,stable_error_pct,R_ND_F_D_minus_ND,10,0.25405405405405407,0.36220249876218275,-0.005050004788751339,0.5131581128968594,-0.432432432432432,0.9189189189189193,0.7014144157543831,0.060546875,0.181640625
10,FEA,RAG_ND,R_ND_F_D,ND,drift_error_pct,R_ND_F_D_minus_ND,10,0.0,2.3934065809486684,-1.7121399264339638,1.7121399264339638,-4.0,3.3333333333333357,0.0,1.0,1.0
10,FEA,RAG_ND,R_ND_F_D,ND,model_finalized_pct,R_ND_F_D_minus_ND,10,5.235000000000002,2.2366952308161134,3.6349646201245127,6.8350353798754915,1.5500000000000114,8.199999999999996,2.340506622393022,0.001953125,0.0078125
40,RAG,FEA_D,D,R_ND_F_D,final_error_pct,D_minus_R_ND_F_D,10,0.15999999999999961,0.7264066813202277,-0.3596400360125146,0.6796400360125138,-0.8500000000000014,1.25,0.220262291240498,0.509765625,0.509765625
40,RAG,FEA_D,D,R_ND_F_D,stable_error_pct,D_minus_R_ND_F_D,10,1.85,0.9012777525832909,1.2052647355081292,2.494735264491871,-0.14285714285714324,2.8571428571428568,2.0526413690978504,0.00390625,0.01171875
40,RAG,FEA_D,D,R_ND_F_D,drift_error_pct,D_minus_R_ND_F_D,10,-3.7833333333333337,2.1082583063798785,-5.291490472334053,-2.275176194332614,-6.833333333333336,-0.6666666666666643,-1.7945302631487083,0.001953125,0.0078125
40,RAG,FEA_D,D,R_ND_F_D,model_finalized_pct,D_minus_R_ND_F_D,10,3.7049999999999983,5.317917825615584,-0.09920924184239688,7.5092092418423935,-3.1000000000000014,14.849999999999994,0.6967012506574638,0.05078125,0.1015625
40,RAG,FEA_ND,R_D_F_ND,ND,final_error_pct,R_D_F_ND_minus_ND,10,0.11000000000000006,1.4066903631495378,-0.8962856658159535,1.1162856658159537,-2.0500000000000007,2.0500000000000007,0.07819773482610155,0.81640625,1.0
40,RAG,FEA_ND,R_D_F_ND,ND,stable_error_pct,R_D_F_ND_minus_ND,10,1.2857142857142858,1.4106012612951069,0.2766309319014224,2.2947976395271494,-0.5714285714285716,3.071428571428571,0.9114654303753001,0.03125,0.09375
40,RAG,FEA_ND,R_D_F_ND,ND,drift_error_pct,R_D_F_ND_minus_ND,10,-2.6333333333333337,1.9096893936572281,-3.999442829310412,-1.2672238373562554,-6.0,-0.33333333333333215,-1.3789327950815404,0.001953125,0.0078125
40,RAG,FEA_ND,R_D_F_ND,ND,model_finalized_pct,R_D_F_ND_minus_ND,10,1.3000000000000007,10.804063021742227,-6.428761094950117,9.028761094950118,-15.4,18.100000000000005,0.12032510337859609,0.712890625,1.0
40,FEA,RAG_D,D,R_D_F_ND,final_error_pct,D_minus_R_D_F_ND,10,0.8999999999999997,0.9860132971832697,0.19464857849888184,1.6053514215011175,-0.45000000000000107,2.25,0.9127665951067973,0.0234375,0.09375
40,FEA,RAG_D,D,R_D_F_ND,stable_error_pct,D_minus_R_D_F_ND,10,1.0857142857142859,1.3845601477440728,0.09525962231884977,2.076168949109722,-0.8571428571428572,3.9285714285714293,0.7841582667847907,0.029296875,0.09375
40,FEA,RAG_D,D,R_D_F_ND,drift_error_pct,D_minus_R_D_F_ND,10,0.46666666666666645,1.8152304890550575,-0.831870999574534,1.7652043329078668,-1.8333333333333321,3.166666666666668,0.25708397334687566,0.4453125,0.4453125
40,FEA,RAG_D,D,R_D_F_ND,model_finalized_pct,D_minus_R_D_F_ND,10,8.379999999999999,9.391846345515763,1.6614778570898698,15.098522142910127,-4.549999999999997,22.4,0.8922633198743843,0.0234375,0.09375
40,FEA,RAG_ND,R_ND_F_D,ND,final_error_pct,R_ND_F_D_minus_ND,10,0.85,0.8878813734578137,0.21484792783029816,1.4851520721697018,-0.34999999999999964,2.3000000000000007,0.957335096117304,0.015625,0.046875
40,FEA,RAG_ND,R_ND_F_D,ND,stable_error_pct,R_ND_F_D_minus_ND,10,0.5214285714285716,0.67094714249873,0.04146189951296053,1.0013952433441826,-0.5,1.6428571428571432,0.7771529803177581,0.037109375,0.07421875
40,FEA,RAG_ND,R_ND_F_D,ND,drift_error_pct,R_ND_F_D_minus_ND,10,1.6166666666666665,2.2798770813736513,-0.014259148216969386,3.2475924815503023,-1.4999999999999964,6.833333333333336,0.7091025563942276,0.0390625,0.07421875
40,FEA,RAG_ND,R_ND_F_D,ND,model_finalized_pct,R_ND_F_D_minus_ND,10,5.9750000000000005,3.0379314965577775,3.8017947241265615,8.14820527587344,-0.25,10.45,1.9667987927871842,0.00390625,0.015625
