drift_rate,decay,repetition,seed,tickets,ticket_order_sha256,human_assignment_sha256,assigned_ceo_count,assigned_domain_expert_count,assigned_intern_count,human_only_error_count,human_only_error_denominator,human_only_error_pct,final_error_count,final_error_denominator,final_error_pct,stable_error_count,stable_error_denominator,stable_error_pct,drift_error_count,drift_error_denominator,drift_error_pct,model_finalized_count,model_finalized_denominator,model_finalized_pct,state_so_tickets,abstain_so_count,abstain_so_pct,state_sc_tickets,abstain_sc_count,abstain_sc_pct,state_ds_tickets,abstain_ds_count,abstain_ds_pct,sc_accepted_count,sc_acceptance_opportunities,sc_acceptance_pct,final_fea,final_state,reliability_observations
10,D,1,20260717,2000,c0f0900263527013b582902a803470bc3cd397d1772789c734d0f773e3424aca,71d894b1b9b100f965e68fe2835f201abf1bcc60ed103681f292672134292993,1243,366,391,222,2000,11.1,140,2000,7.000000000000001,107,1850,5.783783783783783,33,150,22.0,908,2000,45.4,600,92,15.333333333333332,492,14,2.8455284552845526,908,23,2.5330396475770924,76,150,50.66666666666667,0.8003051597356903,deferring_surrogate,986
10,D,2,20260718,2000,8ade7b233e87956e0ef9295c66e0495bb3baf25aea5030c7d8d9da3a2d197fdb,5ef9e170f07f3282ae3e296e4feb8efaaa9520834df66c148cfc54572467bbab,1216,402,382,245,2000,12.25,154,2000,7.7,113,1850,6.108108108108108,41,150,27.333333333333332,795,2000,39.75,613,90,14.681892332789559,592,13,2.195945945945946,795,31,3.89937106918239,110,196,56.12244897959183,0.8001755988908824,deferring_surrogate,1102
10,D,3,20260719,2000,58dc3ac006c1f7059cfbc4cda666afeadc2a7f8bd3023b20e809f862ccb8b7e5,89d26839af3fb06dfcb393bae86dff8b426e2b93fabaf7884261a85fd7e1ba10,1256,372,372,220,2000,11.0,166,2000,8.3,126,1850,6.8108108108108105,40,150,26.666666666666668,699,2000,34.949999999999996,600,99,16.5,701,27,3.851640513552068,699,21,3.004291845493562,123,246,50.0,0.800034278895022,deferring_surrogate,1175
10,D,4,20260720,2000,140ddb3d3fced6f559bb11b368fe10ce7fa0f230eeac893ebd9d2f23c35f53f0,a0ed26830d1ad5bae9140d67926f3d0f27a98f054e8e1c4ef676a52139e7ebff,1254,373,373,218,2000,10.9,184,2000,9.2,129,1850,6.972972972972973,55,150,36.666666666666664,980,2000,49.0,600,98,16.333333333333332,420,11,2.619047619047619,980,39,3.9795918367346936,70,133,52.63157894736842,0.8000032098831539,deferring_surrogate,911
10,D,5,20260721,2000,016438454a010f5bb180691247cce87a57ff7b92f0a2a9f9c04c9be86691b20f,5c5688c5fdd19d82abb4926c52f30f5f2ea0a1123a9204c8c9e23e3c477d5e09,1232,384,384,237,2000,11.85,129,2000,6.45,97,1850,5.243243243243243,32,150,21.333333333333336,866,2000,43.3,600,89,14.833333333333334,534,15,2.8089887640449436,866,33,3.810623556581986,94,174,54.02298850574713,0.8002412575552565,deferring_surrogate,1030
10,D,6,20260722,2000,61fe41050436264606ba9b80c0a10b4d227ae8ffee47c5366fe237f60385ec8e,e2b3f3decde58616b97f94dbebf2166d535f1629417d54346a2415f738f2b4d7,1214,397,389,241,2000,12.049999999999999,133,2000,6.65,105,1850,5.675675675675676,28,150,18.666666666666668,816,2000,40.8,600,99,16.5,584,11,1.8835616438356164,816,32,3.9215686274509802,105,206,50.970873786407765,0.8001355674339791,deferring_surrogate,1074
10,D,7,20260723,2000,1bff130553b35b8e26a5da953878f6b5466e54b2a7b7395c548d74eb8a43729f,6edde20afc985513d755dbae845a981344d31e2a80b04f279daa3e8e77decd35,1226,387,387,226,2000,11.3,151,2000,7.55,108,1850,5.837837837837838,43,150,28.666666666666668,977,2000,48.85,600,95,15.833333333333332,423,7,1.6548463356973995,977,31,3.172978505629478,71,131,54.19847328244275,0.8000981360444577,deferring_surrogate,921
10,D,8,20260724,2000,6e7c5e1a8df4ad721bc9b798ff49454a0b810a1a07966bf52d8d50a604819fed,7340f45bab7face5c95889d80964a45c76b24217a198faf0dec1681cb5dfb35e,1243,371,386,217,2000,10.85,170,2000,8.5,121,1850,6.54054054054054,49,150,32.666666666666664,857,2000,42.85,600,93,15.5,543,16,2.9465930018416207,857,34,3.9673278879813303,86,168,51.19047619047619,0.8000065558403845,deferring_surrogate,1034
10,D,9,20260725,2000,16235a6b54bde3750e5f3e39dcc8c685054c589d9d8296ece2731f0237391ea0,d39464c0f7ae1bb8653b2804cfd7930a8e8d79c3386322181c44fb1e8340382e,1220,394,386,239,2000,11.95,164,2000,8.200000000000001,121,1850,6.54054054054054,43,150,28.666666666666668,936,2000,46.800000000000004,600,95,15.833333333333332,464,9,1.9396551724137931,936,27,2.8846153846153846,71,144,49.30555555555556,0.8000526959481963,deferring_surrogate,960
10,D,10,20260726,2000,16e32df3b92facd2828c231b249277a93a6d9e1f9a5ec0f2e875270545c1bc67,5cc6ffce5f8928bab1247b4b16c6ed5eff4a2e80868da6ed791fa57e260d1f07,1231,387,382,229,2000,11.450000000000001,126,2000,6.3,97,1850,5.243243243243243,29,150,19.333333333333332,834,2000,41.699999999999996,600,96,16.0,566,20,3.53356890459364,834,20,2.3980815347721824,98,179,54.7486033519553,0.8003308534738961,deferring_surrogate,1050
10,ND,1,20260717,2000,c0f0900263527013b582902a803470bc3cd397d1772789c734d0f773e3424aca,71d894b1b9b100f965e68fe2835f201abf1bcc60ed103681f292672134292993,1243,366,391,222,2000,11.1,119,2000,5.949999999999999,66,1850,3.567567567567568,53,150,35.333333333333336,998,2000,49.9,600,90,15.0,402,1,0.24875621890547264,998,1,0.1002004008016032,49,91,53.84615384615385,0.8090010976948409,deferring_surrogate,911
10,ND,2,20260718,2000,8ade7b233e87956e0ef9295c66e0495bb3baf25aea5030c7d8d9da3a2d197fdb,5ef9e170f07f3282ae3e296e4feb8efaaa9520834df66c148cfc54572467bbab,1216,402,382,245,2000,12.25,114,2000,5.7,63,1850,3.4054054054054053,51,150,34.0,980,2000,49.0,600,89,14.833333333333334,420,0,0.0,980,0,0.0,67,98,68.36734693877551,0.8152524167561761,deferring_surrogate,931
10,ND,3,20260719,2000,58dc3ac006c1f7059cfbc4cda666afeadc2a7f8bd3023b20e809f862ccb8b7e5,89d26839af3fb06dfcb393bae86dff8b426e2b93fabaf7884261a85fd7e1ba10,1256,372,372,220,2000,11.0,115,2000,5.75,67,1850,3.6216216216216215,48,150,32.0,1060,2000,53.0,600,94,15.666666666666668,340,0,0.0,1060,3,0.2830188679245283,41,80,51.24999999999999,0.8096926713947991,deferring_surrogate,846
10,ND,4,20260720,2000,140ddb3d3fced6f559bb11b368fe10ce7fa0f230eeac893ebd9d2f23c35f53f0,a0ed26830d1ad5bae9140d67926f3d0f27a98f054e8e1c4ef676a52139e7ebff,1254,373,373,218,2000,10.9,104,2000,5.2,50,1850,2.7027027027027026,54,150,36.0,1057,2000,52.849999999999994,600,92,15.333333333333332,343,0,0.0,1057,3,0.28382213812677387,43,83,51.80722891566265,0.8049353701527615,deferring_surrogate,851
10,ND,5,20260721,2000,016438454a010f5bb180691247cce87a57ff7b92f0a2a9f9c04c9be86691b20f,5c5688c5fdd19d82abb4926c52f30f5f2ea0a1123a9204c8c9e23e3c477d5e09,1232,384,384,237,2000,11.85,110,2000,5.5,61,1850,3.297297297297298,49,150,32.666666666666664,1040,2000,52.0,600,89,14.833333333333334,360,0,0.0,1040,0,0.0,36,77,46.75324675324675,0.8048220436280138,deferring_surrogate,871
10,ND,6,20260722,2000,61fe41050436264606ba9b80c0a10b4d227ae8ffee47c5366fe237f60385ec8e,e2b3f3decde58616b97f94dbebf2166d535f1629417d54346a2415f738f2b4d7,1214,397,389,241,2000,12.049999999999999,101,2000,5.050000000000001,52,1850,2.810810810810811,49,150,32.666666666666664,1016,2000,50.8,600,93,15.5,384,0,0.0,1016,1,0.09842519685039369,49,93,52.68817204301075,0.8069584736251403,deferring_surrogate,891
10,ND,7,20260723,2000,1bff130553b35b8e26a5da953878f6b5466e54b2a7b7395c548d74eb8a43729f,6edde20afc985513d755dbae845a981344d31e2a80b04f279daa3e8e77decd35,1226,387,387,226,2000,11.3,109,2000,5.45,55,1850,2.9729729729729732,54,150,36.0,948,2000,47.4,600,91,15.166666666666668,452,0,0.0,948,2,0.21097046413502107,68,109,62.38532110091744,0.8106139438085328,deferring_surrogate,961
10,ND,8,20260724,2000,6e7c5e1a8df4ad721bc9b798ff49454a0b810a1a07966bf52d8d50a604819fed,7340f45bab7face5c95889d80964a45c76b24217a198faf0dec1681cb5dfb35e,1243,371,386,217,2000,10.85,123,2000,6.15,67,1850,3.6216216216216215,56,150,37.333333333333336,996,2000,49.8,600,88,14.666666666666666,404,0,0.0,996,0,0.0,46,78,58.97435897435898,0.8155021834061136,deferring_surrogate,916
10,ND,9,20260725,2000,16235a6b54bde3750e5f3e39dcc8c685054c589d9d8296ece2731f0237391ea0,d39464c0f7ae1bb8653b2804cfd7930a8e8d79c3386322181c44fb1e8340382e,1220,394,386,239,2000,11.95,112,2000,5.6000000000000005,62,1850,3.3513513513513513,50,150,33.33333333333333,1052,2000,52.6,600,92,15.333333333333332,348,0,0.0,1052,2,0.19011406844106463,35,83,42.168674698795186,0.8037383177570093,deferring_surrogate,856
10,ND,10,20260726,2000,16e32df3b92facd2828c231b249277a93a6d9e1f9a5ec0f2e875270545c1bc67,5cc6ffce5f8928bab1247b4b16c6ed5eff4a2e80868da6ed791fa57e260d1f07,1231,387,382,229,2000,11.450000000000001,96,2000,4.8,49,1850,2.6486486486486487,47,150,31.333333333333336,992,2000,49.6,600,92,15.333333333333332,408,0,0.0,992,0,0.0,52,106,49.056603773584904,0.8002183406113537,deferring_surrogate,916
40,D,1,20260717,2000,c0f0900263527013b582902a803470bc3cd397d1772789c734d0f773e3424aca,71d894b1b9b100f965e68fe2835f201abf1bcc60ed103681f292672134292993,1243,366,391,334,2000,16.7,212,2000,10.6,70,1400,5.0,142,600,23.666666666666668,848,2000,42.4,600,92,15.333333333333332,552,16,2.898550724637681,848,18,2.1226415094339623,73,161,45.3416149068323,0.8000661760085918,deferring_surrogate,1044
40,D,2,20260718,2000,8ade7b233e87956e0ef9295c66e0495bb3baf25aea5030c7d8d9da3a2d197fdb,5ef9e170f07f3282ae3e296e4feb8efaaa9520834df66c148cfc54572467bbab,1216,402,382,359,2000,17.95,223,2000,11.15,81,1400,5.785714285714286,142,600,23.666666666666668,733,2000,36.65,651,93,14.285714285714285,616,19,3.0844155844155843,733,23,3.1377899045020468,103,192,53.645833333333336,0.8001277393237753,deferring_surrogate,1155
40,D,3,20260719,2000,58dc3ac006c1f7059cfbc4cda666afeadc2a7f8bd3023b20e809f862ccb8b7e5,89d26839af3fb06dfcb393bae86dff8b426e2b93fabaf7884261a85fd7e1ba10,1256,372,372,332,2000,16.6,188,2000,9.4,54,1400,3.8571428571428568,134,600,22.333333333333332,551,2000,27.55,600,99,16.5,849,29,3.415783274440518,551,9,1.6333938294010888,157,306,51.307189542483655,0.8001575353832209,deferring_surrogate,1321
40,D,4,20260720,2000,140ddb3d3fced6f559bb11b368fe10ce7fa0f230eeac893ebd9d2f23c35f53f0,a0ed26830d1ad5bae9140d67926f3d0f27a98f054e8e1c4ef676a52139e7ebff,1254,373,373,324,2000,16.2,197,2000,9.85,51,1400,3.642857142857143,146,600,24.333333333333336,668,2000,33.4,600,99,16.5,732,20,2.73224043715847,668,27,4.04191616766467,131,257,50.97276264591439,0.8000291756884033,deferring_surrogate,1213
40,D,5,20260721,2000,016438454a010f5bb180691247cce87a57ff7b92f0a2a9f9c04c9be86691b20f,5c5688c5fdd19d82abb4926c52f30f5f2ea0a1123a9204c8c9e23e3c477d5e09,1232,384,384,356,2000,17.8,206,2000,10.299999999999999,66,1400,4.714285714285714,140,600,23.333333333333332,691,2000,34.55,601,90,14.975041597337771,708,18,2.5423728813559325,691,18,2.6049204052098407,124,235,52.76595744680851,0.8002814575879645,deferring_surrogate,1201
40,D,6,20260722,2000,61fe41050436264606ba9b80c0a10b4d227ae8ffee47c5366fe237f60385ec8e,e2b3f3decde58616b97f94dbebf2166d535f1629417d54346a2415f738f2b4d7,1214,397,389,361,2000,18.05,223,2000,11.15,82,1400,5.857142857142858,141,600,23.5,664,2000,33.2,600,98,16.333333333333332,736,26,3.532608695652174,664,28,4.216867469879518,114,241,47.30290456431535,0.8000488216408124,deferring_surrogate,1212
40,D,7,20260723,2000,1bff130553b35b8e26a5da953878f6b5466e54b2a7b7395c548d74eb8a43729f,6edde20afc985513d755dbae845a981344d31e2a80b04f279daa3e8e77decd35,1226,387,387,343,2000,17.150000000000002,208,2000,10.4,88,1400,6.2857142857142865,120,600,20.0,813,2000,40.65,600,95,15.833333333333332,587,12,2.0442930153321974,813,27,3.3210332103321036,108,203,53.20197044334976,0.800053204675573,deferring_surrogate,1080
40,D,8,20260724,2000,6e7c5e1a8df4ad721bc9b798ff49454a0b810a1a07966bf52d8d50a604819fed,7340f45bab7face5c95889d80964a45c76b24217a198faf0dec1681cb5dfb35e,1243,371,386,334,2000,16.7,230,2000,11.5,81,1400,5.785714285714286,149,600,24.833333333333332,829,2000,41.449999999999996,600,93,15.5,571,16,2.8021015761821366,829,27,3.2569360675512664,87,175,49.714285714285715,0.8000777539430244,deferring_surrogate,1062
40,D,9,20260725,2000,16235a6b54bde3750e5f3e39dcc8c685054c589d9d8296ece2731f0237391ea0,d39464c0f7ae1bb8653b2804cfd7930a8e8d79c3386322181c44fb1e8340382e,1220,394,386,360,2000,18.0,219,2000,10.95,70,1400,5.0,149,600,24.833333333333332,721,2000,36.05,600,95,15.833333333333332,679,13,1.914580265095729,721,26,3.6061026352288486,103,217,47.465437788018434,0.8001563109012305,deferring_surrogate,1171
40,D,10,20260726,2000,16e32df3b92facd2828c231b249277a93a6d9e1f9a5ec0f2e875270545c1bc67,5cc6ffce5f8928bab1247b4b16c6ed5eff4a2e80868da6ed791fa57e260d1f07,1231,387,382,340,2000,17.0,197,2000,9.85,60,1400,4.285714285714286,137,600,22.833333333333332,641,2000,32.05,600,96,16.0,759,25,3.293807641633729,641,14,2.1840873634945397,132,253,52.17391304347826,0.8001876694467022,deferring_surrogate,1238
40,ND,1,20260717,2000,c0f0900263527013b582902a803470bc3cd397d1772789c734d0f773e3424aca,71d894b1b9b100f965e68fe2835f201abf1bcc60ed103681f292672134292993,1243,366,391,334,2000,16.7,216,2000,10.8,54,1400,3.8571428571428568,162,600,27.0,569,2000,28.449999999999996,600,90,15.0,831,0,0.0,569,0,0.0,125,286,43.70629370629371,0.7785234899328859,skeptical_contestator,1341
40,ND,2,20260718,2000,8ade7b233e87956e0ef9295c66e0495bb3baf25aea5030c7d8d9da3a2d197fdb,5ef9e170f07f3282ae3e296e4feb8efaaa9520834df66c148cfc54572467bbab,1216,402,382,359,2000,17.95,191,2000,9.55,36,1400,2.571428571428571,155,600,25.833333333333336,511,2000,25.55,600,88,14.666666666666666,889,0,0.0,511,0,0.0,149,303,49.17491749174918,0.7894361170592434,skeptical_contestator,1401
40,ND,3,20260719,2000,58dc3ac006c1f7059cfbc4cda666afeadc2a7f8bd3023b20e809f862ccb8b7e5,89d26839af3fb06dfcb393bae86dff8b426e2b93fabaf7884261a85fd7e1ba10,1256,372,372,332,2000,16.6,182,2000,9.1,25,1400,1.7857142857142856,157,600,26.166666666666664,460,2000,23.0,600,94,15.666666666666668,940,2,0.2127659574468085,460,0,0.0,133,309,43.042071197411005,0.7894736842105263,skeptical_contestator,1444
40,ND,4,20260720,2000,140ddb3d3fced6f559bb11b368fe10ce7fa0f230eeac893ebd9d2f23c35f53f0,a0ed26830d1ad5bae9140d67926f3d0f27a98f054e8e1c4ef676a52139e7ebff,1254,373,373,324,2000,16.2,169,2000,8.450000000000001,30,1400,2.142857142857143,139,600,23.166666666666664,607,2000,30.349999999999998,600,92,15.333333333333332,793,0,0.0,607,0,0.0,126,266,47.368421052631575,0.7940046118370484,skeptical_contestator,1301
40,ND,5,20260721,2000,016438454a010f5bb180691247cce87a57ff7b92f0a2a9f9c04c9be86691b20f,5c5688c5fdd19d82abb4926c52f30f5f2ea0a1123a9204c8c9e23e3c477d5e09,1232,384,384,356,2000,17.8,177,2000,8.85,37,1400,2.642857142857143,140,600,23.333333333333332,551,2000,27.55,600,88,14.666666666666666,849,0,0.0,551,0,0.0,139,300,46.33333333333333,0.7803085966201323,skeptical_contestator,1361
40,ND,6,20260722,2000,61fe41050436264606ba9b80c0a10b4d227ae8ffee47c5366fe237f60385ec8e,e2b3f3decde58616b97f94dbebf2166d535f1629417d54346a2415f738f2b4d7,1214,397,389,361,2000,18.05,208,2000,10.4,40,1400,2.857142857142857,168,600,28.000000000000004,551,2000,27.55,600,93,15.5,849,0,0.0,551,0,0.0,121,268,45.149253731343286,0.7920353982300885,skeptical_contestator,1356
40,ND,7,20260723,2000,1bff130553b35b8e26a5da953878f6b5466e54b2a7b7395c548d74eb8a43729f,6edde20afc985513d755dbae845a981344d31e2a80b04f279daa3e8e77decd35,1226,387,387,343,2000,17.150000000000002,201,2000,10.05,41,1400,2.928571428571429,160,600,26.666666666666668,463,2000,23.150000000000002,600,91,15.166666666666668,937,0,0.0,463,0,0.0,149,313,47.6038338658147,0.7883817427385892,skeptical_contestator,1446
40,ND,8,20260724,2000,6e7c5e1a8df4ad721bc9b798ff49454a0b810a1a07966bf52d8d50a604819fed,7340f45bab7face5c95889d80964a45c76b24217a198faf0dec1681cb5dfb35e,1243,371,386,334,2000,16.7,189,2000,9.45,37,1400,2.642857142857143,152,600,25.333333333333336,441,2000,22.05,600,88,14.666666666666666,959,0,0.0,441,0,0.0,137,309,44.336569579288025,0.7885791978246091,skeptical_contestator,1471
40,ND,9,20260725,2000,16235a6b54bde3750e5f3e39dcc8c685054c589d9d8296ece2731f0237391ea0,d39464c0f7ae1bb8653b2804cfd7930a8e8d79c3386322181c44fb1e8340382e,1220,394,386,360,2000,18.0,201,2000,10.05,39,1400,2.7857142857142856,162,600,27.0,593,2000,29.65,600,91,15.166666666666668,807,0,0.0,593,0,0.0,112,276,40.57971014492754,0.7849544072948328,skeptical_contestator,1316
40,ND,10,20260726,2000,16e32df3b92facd2828c231b249277a93a6d9e1f9a5ec0f2e875270545c1bc67,5cc6ffce5f8928bab1247b4b16c6ed5eff4a2e80868da6ed791fa57e260d1f07,1231,387,382,340,2000,17.0,167,2000,8.35,32,1400,2.2857142857142856,135,600,22.5,477,2000,23.849999999999998,600,92,15.333333333333332,923,0,0.0,477,0,0.0,144,299,48.16053511705686,0.7938504542278128,skeptical_contestator,1431
